{
  "random_forest": {
    "high": {
      "precision": 0.6538461538461539,
      "recall": 0.68,
      "f1-score": 0.6666666666666666,
      "support": 25.0
    },
    "low": {
      "precision": 1.0,
      "recall": 0.14285714285714285,
      "f1-score": 0.25,
      "support": 7.0
    },
    "medium": {
      "precision": 0.4782608695652174,
      "recall": 0.6111111111111112,
      "f1-score": 0.5365853658536586,
      "support": 18.0
    },
    "accuracy": 0.58,
    "macro avg": {
      "precision": 0.7107023411371237,
      "recall": 0.477989417989418,
      "f1-score": 0.4844173441734417,
      "support": 50.0
    },
    "weighted avg": {
      "precision": 0.6390969899665552,
      "recall": 0.58,
      "f1-score": 0.5615040650406504,
      "support": 50.0
    }
  }
}