{
  "random_forest": {
    "high": {
      "precision": 0.7268847795163584,
      "recall": 0.6822429906542056,
      "f1-score": 0.7038567493112947,
      "support": 749.0
    },
    "low": {
      "precision": 0.7397959183673469,
      "recall": 0.5150976909413855,
      "f1-score": 0.6073298429319371,
      "support": 563.0
    },
    "medium": {
      "precision": 0.5074626865671642,
      "recall": 0.6472081218274112,
      "f1-score": 0.5688789737869493,
      "support": 788.0
    },
    "accuracy": 0.6242857142857143,
    "macro avg": {
      "precision": 0.6580477948169565,
      "recall": 0.6148496011410008,
      "f1-score": 0.6266885220100604,
      "support": 2100.0
    },
    "weighted avg": {
      "precision": 0.6480106661492829,
      "recall": 0.6242857142857143,
      "f1-score": 0.6273295419756936,
      "support": 2100.0
    }
  }
}